modelName,bnVersion,numTimeSteps,orderAutoregression,targetNode,outcomeID,nFold,recordCount,accuracy,tp,fp,fn,tn,sensitivity,specificity,accuracy_calc,precision,prevalence,tpr,fpr,fnr,tnr,model_file_name,inputFile,missing_data
BN00,0,4,0,AKI48H,0,5,93120,0.732940046,22115,8058,5391,57556,0.804006399,0.877190843,0.855573454,0.732940046,0.295382302,0.804006399,0.122809157,0.195993601,0.195993601,BN00_AKI_prediction_Stage_1_Learning_wo_Drug_v004_4timeSteps_0_order_training.xdsl,AKI_data_200325_full_dob_v02_forBN_wo_NA_ri_0_ri2_217148_ro_93120_20-04-24_23-30-27.csv,0
BN00,0,4,0,AKI48H,0,5,217148,0.767968566,48862,14763,9242,144281,0.840940383,0.90717663,0.889453276,0.767968566,0.267577873,0.840940383,0.09282337,0.159059617,0.159059617,BN00_AKI_prediction_Stage_1_Learning_wo_Drug_v004_4timeSteps_0_order_training.xdsl,AKI_data_200325_full_dob_v02_forBN_w_NA_ri_0_ri2_217148_ro_217148_20-04-24_23-30-27.csv,1
BN01,1,4,1,AKI48H,0,5,217148,0.780070727,49632,13993,10704,142819,0.822593477,0.910765758,0.886266509,0.780070727,0.277856577,0.822593477,0.089234242,0.177406523,0.177406523,BN01_AKI_prediction_Stage_1_Learning_wo_Drug_v004_4timeSteps_1st_order_training.xdsl,AKI_data_200325_full_dob_v02_forBN_w_NA_ri_0_ri2_217148_ro_217148_20-04-24_23-30-27.csv,1
BN01,1,4,1,AKI48H,0,5,93120,0.739071355,22300,7873,6644,56303,0.770453289,0.87732174,0.844104381,0.739071355,0.310824742,0.770453289,0.12267826,0.229546711,0.229546711,BN01_AKI_prediction_Stage_1_Learning_wo_Drug_v004_4timeSteps_1st_order_training.xdsl,AKI_data_200325_full_dob_v02_forBN_wo_NA_ri_0_ri2_217148_ro_93120_20-04-24_23-30-27.csv,0
BN02,2,4,2,AKI48H,0,5,93120,0.741921586,22386,7787,6709,56238,0.769410552,0.878375635,0.844329897,0.741921586,0.312446306,0.769410552,0.121624365,0.230589448,0.230589448,BN02_AKI_prediction_Stage_1_Learning_wo_Drug_v004_4timeSteps_2nd_order_training.xdsl,AKI_data_200325_full_dob_v02_forBN_wo_NA_ri_0_ri2_217148_ro_93120_20-04-24_23-30-27.csv,0
BN03,3,4,3,AKI48H,0,5,217148,0.78129666,49710,13915,10718,142805,0.822631893,0.911211077,0.886561239,0.78129666,0.278280251,0.822631893,0.088788923,0.177368107,0.177368107,BN03_AKI_prediction_Stage_1_Learning_wo_Drug_v004_4timeSteps_3rd_order_training.xdsl,AKI_data_200325_full_dob_v02_forBN_w_NA_ri_0_ri2_217148_ro_217148_20-04-24_23-30-27.csv,1
